{"cpu":{"Intel(R) Pentium(R) Silver N5000 CPU @ 1.10GHz":{"model":"Intel(R) Pentium(R) Silver N5000 CPU @ 1.10GHz","speed":"1.49 МГц","temperature":"48.00°C"}},"os":{"operation_system":"Linux","release":"6.2.0-32-generic","arch":"x64","hostname":"ideapad"},"memory":{"total":"7.57 GB","free":"2.65 GB"},"disks":[{"device":"/dev/sda","type":"SSD","size":"111.79 GB","available":"Не удалось получить информацию","name":"Apacer AS340 120GB","vendor":"ATA"}],"audio":[{"channel":"PCIe","driver":"snd_hda_intel","manufacturer":"Lenovo","name":"Celeron/Pentium Silver Processor High Definition Audio","status":"online"}]}